id,name
1,ال ایکس
2,ال جی
3,ال جی دیسپلی
4,آیفون
5,ال جی
6,اپل
7,خودروسازی تویوتا
8,سایپا پرس
9,توییتر
10,ماکسیما
11,کروز
12,سوخو
13,کرمان موتور
14,پلاس
15,تویوتا
16,تویوتا آکیو تویودا
17,اتوس یورونکست
18,یورونکست
19,ایکو پرس
20,شهروند
21,گلکسی
22,سامسونگ
23,گلکسی نوت
24,گلکسی اس
25,ال ۹۰
26,ایران‌خودرو
27,پتروشیمی پارس
28,سیمان اردبیل
29,مک بوک پرو
30,مک بوک
31,اینتل
32,آمازون
33,مایکروسافت
34,بنیاد لینوکس
35,فولکس‌واگن
36,بوش
37,دایملر
38,فورد
39,پورت پرس
40,میراژ
41,هاوک
42,شرکت پارس
43,سوزوکی
44,آپ
45,حقوق بشر سوریه
46,یمن
47,گوگل
48,رانی
49,فولاد چابهار
50,دنا
51,تویودا
52,نفتی توتال فرانسه
53,اندروید
54,آیفون
55,شرکت پارامونت پیکچرز
56,یونیورسال
57,فاکس قرن
58,برادران وارنر
59,ایرانسل
60,مرسدس
61,مرسدس
62,برند جیپ
63,فیات
64,پورشه
65,کاررا
66,ولوو
67,چری
68,کراس
69,شرکت ره‌آوران
70,شرکت هواپیمایی ایرلندی رایان ایر
71,شرکت هواپیمایی رایان ایر
72,شرکت رایان ایر
73,رایان ایر
74,شرکت هواپیمایی ایرلندی رایان
75,مزدا
76,بهمن موتور
77,برند نوکیا
78,موتورولا
79,اچ‌تی‌سی
80,کمپانی اپل
81,نوکیا
82,دراگون
83,اندروید وان گوگل
84,وان
85,اندروید وان
86,اندروید وان
87,پارس شیراز
88,چارسوق
89,هواپيمايي کارون
90,هواپيمايي نفت
91,آرکو
92,هواپیمایی کارون
93,شرکت هواپیمایی کارون
94,شرکت هواپیمایی نفت ایران
95,هواپیمایی کارون ایرلاینز
96,شرکت ملی نفت ایران
97,هواپیمایی نفت ایران
98,هواپیمایی نفت
99,دنت
100,کاپریس
101,گلباف
102,نینتندو
103,باندل
104,نینتندو باندل
105,کوثر سپاهان
106,سلامت مد
107,کوثر اصفهان
108,سونی
109,کامارو
110,موستانگ
111,کامارو
112,شورولت کامارو
113,آرامکو
114,آرامکو عربستان
115,زانوسی
116,یخچال فریزر زانوسی
117,پارس جم
118,ای فوتبال
119,پژو ۴۰۵
120,واتس اپ
121,واتس اپ
122,واتس‌اپ
123,آدیداس
124,نایک
125,الکترونیک آرتز
126,مرسدس بنز
127,ریف
128,پژو
129,پگاه
130,ایر جردن نایکی
131,ایر جردن
132,رولز
133,آلیانتس
134,بنز
135,شرکت فیات کرایسلر
136,فیات کرایسلر
137,کرایسلر
138,فیات کرایسلر اتوموبیل
139,جیپ
140,سایپم
141,سایپم ایتالیا
142,پتروشیمی تبریز
143,سایپم ایتالیا
144,ریتیون
145,لاکهید
146,لاکهید مارتین
147,بتل رویال
148,پی‌سی
149,پلی‌استیشن ویتا
150,پلی‌استیشن
151,موبایل سونی
152,ایکس‌باکس وان
153,ایکس‌باکس
154,ایکس‌باکس وان ایکس
155,ال‌جی
156,ایسوزو
157,بوئینگ
158,خودروسازی بهمن
159,سایپا امروز
160,دیزل
161,کمپانی فاکس
162,آی‌بی‌ام
163,گلبهار
164,جنگنده سوخوی
165,جنگنده سوخوی سوریه
166,شرکت هوایی اطلس گلوبال
167,شرکت هوایی پولار
168,سیلو
169,ساب
170,سوزوکی
171,ایرفرانس
172,رایان ایر
173,دی اچ
174,وان ایکس
175,کنفرانس مایکروسافت
176,برند ایکس باکس
177,آینده ایکس باکس
178,موزیلا
179,اج
180,شرکت اپل
181,استور اپل
182,سوخو ارتش سوریه
183,گوگل داکس
184,استیم
185,سرخ
186,قدرتمند سونی
187,مرسدس GL۶۳
188,فورد
189,فراری
190,۵۹۹SA اپرتا
191,موستانگ
192,کادیلاک
193,فورد موستانگ
194,مک‌لارن
195,شلبی
196,دیزل تبریز
197,سیلون پترولیوم
198,سیلون
199,نفت خام برنت
200,نفت وست
201,نفت وست تگزاس اینترمدیت
202,نفت وست تگزاس
203,نفت وست تگزاس اینترمدیت آمریکا
204,برادران وارنر
205,کمپانی AMD
206,ام دی
207,کمپانی سونی پیکچرز
208,باندای
209,آرک سیستم ورکس
210,باندای نامکو
211,باندای
212,جنرال
213,دایملر آلمان
214,جیپ چروکی
215,خودروسازی فیات کرایسلر
216,فراری
217,جنرال موتورز
218,خودروسازی فیات
219,لانچیا
220,خودروسازی FCAمارکیونه
221,. کرایسلر
222,سهام کرایسلر
223,سهام فیات
224,برند آلفارومئو
225,سئات
226,آئودی
227,هیوندای
228,مازراتی
229,ردیت
230,مد بتل رویال
231,موشکی اس ۴۰۰
232,موشکی اس ۴۰۰ روسیه
233,کِیمَن
234,هواپیمایی هما
235,سامسونگ گلکسی
236,سامسونگ گلکسی نوت
237,گلکسی واچ
238,ایوان بلاس
239,اس پن
240,دفکو تراکس
241,تراکس
242,فورد رنجر
243,فورد مجهز
244,پیشرانه دیزل
245,ژاپنی تویوتا
246,اینفینیتی
247,ایتال
248,نیسان
249,نیسان
250,توتال
251,شرکت آرامکو عربستان
252,شرکت آرامکو
253,بوگاتی
254,بوگاتی ویرون
255,پیر ویرون
256,ویرون
257,موتور بوگاتی
258,بوگاتی
259,آلمانی فولکس واگن
260,کمپانی اچ تی
261,برنت
262,کمری
263,اکتیویژن
264,کرش
265,اس آر
266,شرکت اس آر
267,یوتیوب
268,یوتیوب میلان
269,بیت کوین ایرانی
270,بیت کوین
271,جمهورى ایران
272,کلینیک مایو
273,توئيتر
274,ویندوز
275,ویندوز دیفندر
276,اپیک
277,شرکت اپیک گیمز
278,اپیک گیمز
279,بانکی اپیک
280,اپیک گیمز
281,ایر ایندیا
282,یاهو
283,متروگلدوین
284,ویکی‌لیکس
285,شرکت آمازون
286,نتفلیکس
287,پارسه
288,کوپا T210
289,2017هیوندای
290,دایهاتسو
291,ریگان
292,لکسوس
293,ایزو
294,هوندا
295,میتسوبیشی
296,روبر
297,جک S5
298,جک
299,اینجنیکو
300,هیوندای
301,کیا
302,قشقایی
303,رنو
304,کیا اسپورتیج
305,پولو
306,هیوندای
307,سانتافه
308,توسان
309,هیوندای i20
310,قشقایی
311,اسپورتیج
312,پژو فرانسه
313,هیوندای توسان
314,کامپکت
315,اسکای اکتیو
316,استینگر
317,توربو
318,تریل
319,رنو
320,گلف
321,ارتباطات خرم
322,هایکو
323,فیس بوک
324,شرکت هواپیمایی ایران ایر
325,شیائومی
326,گوریلا
327,زانتیا
328,رایتل
329,پردیس گیم
330,پی‌ام‌سی
331,بالستیک
332,آرپا
333,باند اس
334,آرپا
335,اوبر
336,اوبر
337,کپکام
338,شرکت نفتی آرامکو
339,شرکت نفتی آرامکو عربستان
340,آواکس
341,استان بازنشسته
342,پوشاک آدیداس
343,تیم ملی آدیداس
344,دبیرستان سانتا فه
345,شرکت نفتی اکسیدنتال
346,سامانه پاتریوت
347,مک
348,پلی‌بوی
349,بمب‌افکن سوخو
350,فروش ایران‌خودرو
351,شرکت خودروسازی میتسوبیشی
352,فروش میتسوبیشی
353,عملیاتی میتسوبیشی
354,میتسوبیشی
355,سانا
356,مک‌بوک
357,مک‌بوک پرو
358,امریکایی گوگل
359,ماهان
360,ماهان
361,فولاد امیر
362,پراید
363,هواپیمایی اینترنشنال ایرلاینز
364,ایزی جت
365,ویز ایر
366,یورو کنترل
367,ایزی جت انگلیس
368,رایان ایر ایرلند
369,ویز ایر مجارستان
370,ساندرو استپ‌وی
371,رانا
372,چینی ایران‌خودرو
373,تویوتا کمری
374,جهاد نصر
375,سامسونگ
376,سونی سانتا
377,سونی سانتا مونیکا
378,ردیت
379,اسبق کمپانی فیات
380,لنوو
381,برنت دریای
382,اتو اندروید
383,آینده سونی
384,اوپو
385,آیسک
386,شرکت توتال فرانسه
387,کونیگ زگ
388,کونیگ
389,گروه خودروسازی سایپا
390,آمریکایی گوگل
391,ایرباس
392,گات
393,گات
394,آموزشي گات
395,کمپانی دلوس
396,فیسبوک
397,ایرالکو
398,پژو ۲۰۷
399,تیوولی
400,طراحی مایکروسافت
401,هواپیمایی رایان
402,تاکسی اینترنتی اوبر
403,ایرفورس وان
404,ایرفورس وان رئیس‌جمهور
405,. ایرباس A380
406,ایرفورس وان رئیس‌جمهور آمریکا
407,موسسه لووی
408,لووی
409,تابان
410,شرکت موتورولا
411,سلفریجز عرضه‌شده
412,کمبریج آنالیتیکا
413,وانت
414,کیا پراید
415,B تویوتا
416,ب‌ام‌و
417,داچیا
418,گریت
419,لادا
420,مارول
421,فراری
422,لامبورگینی
423,پارس پاژند
424,والت دیزنی
425,والت دیزنی
426,دیزنی
427,ایران پترونت
428,ایران ایر
429,نفت ستاره
430,ستاره خلیج
431,جی پی اس
432,بافی
433,اسپوتنیک روسیه
434,ام جی
435,نفت برنت
436,اینترنتی مزدا
437,اینترنتی مزدا
438,شرکت رنو
439,فولکس‌واگن گلف GTI
440,اپ استور
441,آلتو
442,ميني
443,مالی اکوئیفاکس
444,بازن
445,شورلت کوروت
446,فورد GT
447,کوروت
448,توئین توربو
449,لارن
450,پیمکس
451,نایرو آلمان
452,نایرو
453,هواپیمایی ایران ایر
454,فوکر
455,رنو تندر
456,هیوندای اکسنت
457,رنو پارس تندر
458,ام‌جی
459,سیتروئن
460,رنو پارس
461,رنو تندر پلاس
462,چانگان
463,رنو تندر
464,لیفان
465,قالی سلیمان
466,اندرویدی
467,گوشی‌های اندرویدی
468,عربستانی آرامکو
469,نواک
470,شرکت آمریکایی گوگل
471,ماهیندرا
472,پینین
473,ماهیندرا
474,مک لارن
475,سیویک
476,پارس تندر
477,هيونداي سانتافه
478,هيونداي
479,گلدمن ساکس
480,فولاد مبارکه
481,چری
482,کراس اور
483,کمپانی سوئدی ولوو
484,شیل آمریکا
485,هواپیمایی آتا
486,دیزل
487,سایپا دیزل
488,تراست
489,نیسان سایپا
490,ایرباس ایزی جت
