id,eventcol
1,جشنواره ونیز
2,لالیگا
3,جشنواره امام
4,لیگ قهرمانان
5,لیگ هجدهم مقابل سایپا
6,فوتبال لیگ دسته
7,آزادگان
8,لیگ برتر
9,لیگ برتری
10,المللی الکامپ
11,الکامپ
12,المللی الکامپ
13,لیگ برتر فوتبال ایران
14,جام حذفی
15,لیگ قهرمانان آسیا
16,لیگ برتر ایران
17,دربی
18,قهرمانان آسیا
19,سوپرجام
20,لیگ هجدهم
21,جشنواره رضوی
22,لیگ برتر فوتبال
23,بوکر
24,بوکر
25,لیگ برتر فوتبال باشگاههای ایران
26,لیگ برتر فوتبال باشگاه های
27,لیگ برتر فوتبال باشگاه های ایران
28,جام ملت‌های
29,لیگ برتر هجدهم
30,لیگ برتر روسیه
31,لیگ برتر فوتبال روسیه
32,جشنواره ملی چارسوق
33,فوتبال لیگ برترهیجدهم
34,تیم نساجی
35,تیم نساجی مازندران
36,جشنواره فجر
37,کنگره دامپزشکی ایران
38,والیبال قهرمانی جوانان آسیا
39,لیگ برتر بسکتبال باشگاه
40,آسیایی بسکتبال جوانان
41,آسیایی بانکوک
42,بسکتبال خلیج فارس
43,لیگ هفدهم
44,همایش دوچرخه‌سواری
45,جشنواره هنرهای دیجیتال خوزستان
46,جشنواره هنرهای دیجیتال
47,کوپا ایتالیا
48,لیگ فوتبال آمریکا
49,لیگ برتر جوانان باشگاههای
50,لیگ برتر جوانان
51,بوندس‌لیگا
52,برتر فوتسال
53,لیگ فدراسیون والیبال
54,لیگ والیبال ایران کمیته
55,سوپر لیگ ترکیه
56,سوپر لیگ
57,لیگ قهرمانان اروپا
58,لیگ قهرمانان اروپاست
59,لیگ هجدهم فوتبال ایران استارت
60,لیگ برتر جوانان باشگاه‌های
61,لیگ بازیهای فوتبال ایران
62,لیگ اروپا
63,گینس کاپ
64,گرندپری
65,گرندپری مسکو
66,دربارهمسابقات بسکتبال نوجوانان غرب آسیا
67,دربارهمسابقات بسکتبال نوجوانان غرب
68,بسکتبال نوجوانان غرب آسیا
69,جام اتحادیه انگلیس
70,جام ملت‌های آسیا
71,اجلاس بریکس
72,آسیایی ۲۰۱۸
73,آسیایی ۲۰۱۸ جاکارتا
74,آسیایی ۲۰۱۸ اندونزی
75,لالیگا
76,رویداد24 فرنوش
77,سازمان لیگ برتر
78,جشنواره موسیقی فجر
79,لیگ برتر فوتبال فردا
80,جام ملت‌های اروپا
81,آردویزه هلند
82,فوتبال لیگ بر‌تر باشگاه‌
83,کنگره سرداران
84,جشنواره ملبورن استرالیا
85,جشنواره آی ام دی
86,لیگ انگلیس
87,جی بیست
88,باشگاه‌های آسیا
89,لیگ برتر فوتبال انگلستان
90,باشگاه‌های فوتبال اروپا
91,لیگ برتر انگلیس
92,لیگ فوتبال اسپانیا
93,بوندس لیگای
94,آ ایتالیا
95,بوندس لیگای آلمان
96,لیگ فرانسه
97,فوتبال لیگ پیشکسوتان
98,لیگ برتر فوتبال نشاط ورزشی
99,جشنواره آذربایجان غربی
100,لیگ چهاردهم
101,لیگ برتر پرسپولیس
102,المپیک تهران
103,لیگ اروپا
104,لالیگا میزبان ختافه
105,لیگ برتر فوتبال باشگاه‌های
106,حضرت علی
107,کنفرانس ریاض
108,جام انگلستان
109,باشگاه‌های فوتبال جهان
110,کنفرانس مطبوعاتی فدرال
111,کنگره تبریز
112,رقابتهای فوتسال المپیک 2018
113,رقابتهای فوتسال المپیک 2018 آرژانتین
114,لیگ برتر هلند
115,لیگ هجدهم فوتبال
116,قهرمانی نونهالان اروپا
117,کنفرانس توسعه‌دهندگان مایکروسافت
118,لیگ برتر فوتبال انگلیس
119,لیگ برتر فوتسال بانوان ایران
120,لیگ برتر فوتسال
121,جام باشگاه‌های فوتسال ۲۰۱۸
122,لیگ هلند
123,لیگ اردیویسه هلند
124,لیگ اردیویسه
125,لیگ اروپا مقابل لایپزیک
126,لیگ اروپا مقابل
127,جام ملت‌های آسیاست
128,منتخب لیگ قهرمانان اروپا
129,جام حذفی آلمان
130,لیگ پاریس
131,لیگ طلایی دوومیدانی
132,قهرمانان اروپا
133,لیگ جذب انگلیس
134,کنفرانس تئاتر
135,نوبل
136,لیگ یونان
137,حذفی لیگ اروپا
138,جام باشگاه‌های آسیا
139,لیگ اسرائیل
140,جام ملت‌های آسیا دوشنبه
141,لیگ وزنه‌برداری جوانان
142,کشتی آزاد جام
143,جام دیمیتری کرکین
144,کشتی آزاد جام دیمیتری کرکین
145,المپیک نوجوانان
146,جام خلیج فارس
147,لیگ برتر روسیه
148,لیگ برتر وزنه‌برداری
149,لیگ هجدهم فوتبال ایران
150,لیگ هجدهم فوتبال ایران امروز
151,‌ ملت‌های والیبال 2018
152,مسابقات فوتبال لیگ برتر باشگاه‌های
153,جشنواره سین سیما
154,دوسالانه ونیز
156,لیگ قهرمانان فوتبال اروپا
157,الکامپ
158,لیگ فوتبال نونهالان
159,المللی کتاب فرانکفورت
160,فوتبال لیگ برتر
161,بازیهای آسیایی جاکارتا
162,ملت فلسطین
163,لیگ بسکتبال حرفه‌ای آمریکا
164,ملت های آفریقا
165,قهرمانی جوانان آسیا
166,المپیاد نخبگان ورزشی
167,چمپیونز لیگ
168,یوفا کاپ
169,فینالیست چمپیونز لیگ
170,لیگ برتر انگلستان
171,اینترنشنال چمپیونز کاپ
172,المپیک تابستانی2020 ژاپن
173,جام جهانی
174,تیم فوتبال ترابزون
175,تیم فوتبال ترابزون ترکیه
176,لیگ برتر فوتبال امروز
177,جشنواره ملی خوشنویسی رضوی
178,جشنواره ملی رضوی
179,اینترنشنال چمپیونزکاپ
180,لیگ برتر فوتبال اروپا
181,سری آ فوتسال
182,المللی چمپیونز کاپ
183,چمپیونز کاپ
184,المللی چمپیونز کاپ آمریکا
185,لوکارنو
186,المللی چمپیونزکاپ
187,کنفرانس تجارت
188,کالچیو
189,لیگ برتر باشگاه
190,لیگ فوتبال ایران
191,بوندس لیگ
192,سری آ
193,سری آ ایتالیا
194,لیگ حرفه ای فوتبال هلند
195,جام ملتهای آسیا
196,جام ملت های آسیا
197,لیگ کاراته وان سری
198,لیگ کاراته وان سری آ
199,بوکس قهرمانی دانشجویان
200,اسکای ریس
201,لیگ برتر فوتبال باشگاههای
202,جام قدس
