id,name,date
1,اربعین حسینی,""
2,اربعین,""
3,مهر,""
4,قدس,""
5,بهمن,""
6,صبح,""
7,مشروطه,""
8,دقیانوس,""
9,بهار,""
10,دی,""
11,امروز,""
12,بهمن,""
13,تابستانی,""
14,سعید غدیر,""
15,خرداد:متهم,""
16,خرداد:بیستمین,""
17,دوشنبه,""
18,خرداد:معاون رئیس‌جمهور,""
19,آنر,""
20,۹ دی,""
21,رمضان,""
22,خرداد:سرپرست,""
23,شش‌روزه تهران,""
24,فاطمیه,""
25,بهمن,""
26,تابستانه,""
27,زمستانی,""
28,مارس,""
29,فطر,""
30,صبح,""
31,تیر,""
32,دی,""
33,جمعه‌,""
34,جمعه,""
35,ه.ق,""
36,سه‌ساله,""
37,زمستانی اروپایی,""
38,پریروز,""
39,ولنتاین,""
40,جون,""
41,پنج‌شنبه,""
42,جمعه,""
43,نوروز,""
